index,module,topic,color,feed,term,created,country,ratio,counter,pages,language,ipcc,continent
'f2cea183b1',extremes,Cold Wave,#a7e9fa,wmo,राजस्थान के 5 जिलों में शीतलहर,2026-01-15T10:56:00+00:00,India,0.5778365073000656,2,2,hi,SAS,Asia
'8bb788b602',extremes,Wildfire,#d60d2b,wmo,जंगल की आग असम,2026-02-11T04:41:00+00:00,India,0.5774637848262617,1,1,hi,SAS,Asia
'9293b0f660',extremes,Wildfire,#d60d2b,wmo,कर्नाटक में जंगल की आग,2026-02-11T04:41:00+00:00,India,0.5770982169556109,1,1,hi,SAS,Asia
'b1407ca4f5',extremes,Precipitation,#d60d2b,wmo,वर्षा भारत,2026-01-25T04:06:00+00:00,India,0.5750646474020757,1,1,hi,SAS,Asia
'77a82da512',extremes,Thunderstorm,#53785a,wmo,ताडेपल्ले मंडल में ओलावृष्टि,2026-02-11T04:41:00+00:00,India,0.5729862592268804,1,1,hi,SAS,Asia
'c0a78137a9',extremes,Thunderstorm,#53785a,wmo,जय भारत,2026-01-22T03:59:00+00:00,India,0.5710838781652108,3,3,hi,SAS,Asia
'fc335e869f',extremes,Thunderstorm,#53785a,wmo,तूफ़ान भारत,2026-01-27T03:58:00+00:00,India,0.5522517956794991,1,1,hi,SAS,Asia
'a8ed721e08',extremes,Fog,#d60d2b,wmo,कोहरा भारत,2026-01-15T10:56:00+00:00,India,0.5490521900447098,2,2,hi,SAS,Asia
'5e4bef8c2c',extremes,Cold Wave,#a7e9fa,wmo,शीत लहर भारत,2026-01-15T10:56:00+00:00,India,0.5366737936862171,3,1,hi,SAS,Asia
'f199635353',extremes,Earthquake,#870007,usgs,भूकंप मोरीगांव,2026-01-15T10:56:00+00:00,India,0.5362452539537633,4,1,hi,SAS,Asia
'35bd62c5a9',extremes,Drought,#edc291,edo,भारत में सूखा,2026-01-15T10:57:00+00:00,India,0.5308113374530782,1,1,hi,SAS,Asia
'e635ff71fc',extremes,Cold Wave,#a7e9fa,wmo,पंजाब के 7 जिलों में ठंड,2026-01-22T03:59:00+00:00,India,0.5193526779769111,2,1,hi,SAS,Asia
'0d1bdfbccc',extremes,Cold Wave,#a7e9fa,wmo,ठंडा भारत,2026-01-15T10:56:00+00:00,India,0.5045620424522286,2,1,hi,SAS,Asia
'271200cbb0',extremes,Wildfire,#d60d2b,wmo,जंगल की आग आंध्र प्रदेश,2026-01-15T10:56:00+00:00,India,0.5019085105028563,2,1,hi,SAS,Asia
'0f7c486492',extremes,Wildfire,#d60d2b,wmo,जंगल की आग अरुणाचल प्रदेश,2026-01-15T12:14:00+00:00,India,0.501895762921639,2,1,hi,SAS,Asia
'8b022b84c7',extremes,Wildfire,#d60d2b,wmo,जंगल की आग मध्य प्रदेश,2026-01-15T10:56:00+00:00,India,0.5016939761318764,2,1,hi,SAS,Asia
'84f30e1888',extremes,Cold Wave,#a7e9fa,wmo,हरियाणा के 4 जिलों में शीतलहर,2026-01-22T03:59:00+00:00,India,0.5002149086506484,5,1,hi,SAS,Asia
'3f3ddd0b49',extremes,Earthquake,#870007,usgs,भूकंप भारत,2026-01-15T10:56:00+00:00,India,0.499218579024309,4,1,hi,SAS,Asia
'e3e012c1ea',extremes,Snow&Ice,#d60d2b,wmo,फ्रॉस्ट इंडिया,2026-01-15T12:14:00+00:00,India,0.495213755352109,5,1,hi,SAS,Asia
'0816dd344b',extremes,Earthquake,#870007,usgs,भूकंप लाए,2026-01-15T10:56:00+00:00,Papua New Guinea,0.4950990857381648,4,1,hi,SEA,Asia
'6a0e9887e1',extremes,Fog,#d60d2b,wmo,उत्तर प्रदेश के 15 जिलों में कोहरा,2026-01-17T03:44:00+00:00,India,0.4922905717715168,2,2,hi,SAS,Asia
'd6786cc958',extremes,Snow Avalanche,#deddd5,wmo,हिमस्खलन लेह लद्दाख जिला,2026-01-27T03:58:00+00:00,India,0.4846163207519086,2,1,hi,SAS,Asia
'7d6aaace1c',extremes,Wildfire,#d60d2b,wmo,जंगल की आग भारत,2026-01-15T10:56:00+00:00,India,0.4840939704130074,2,1,hi,SAS,Asia
'8ee5eff537',extremes,Snow Avalanche,#deddd5,wmo,लद्दाख के कारगिल जिले में हिमस्खलन,2026-01-25T04:06:00+00:00,India,0.4830082222181992,2,1,hi,SAS,Asia
'dd346fd726',extremes,Cold Wave,#a7e9fa,wmo,राजस्थान के 5 जिलों में ठंड,2026-01-15T12:14:00+00:00,India,0.4697592231504935,4,1,hi,SAS,Asia
'aa8d0f641e',extremes,Precipitation,#d60d2b,wmo,भारत में मूसलाधार वर्षा,2026-01-25T04:06:00+00:00,India,0.4670751146442715,2,1,hi,SAS,Asia
'62084daeb0',extremes,Earthquake,#870007,random,भूकंप,2026-01-15T10:39:00+00:00,,0.4655401254261786,1,2,hi,,
'59c8193ccb',extremes,Thunderstorm,#53785a,wmo,हरियाणा के 7 जिलों में ओलावृष्टि,2026-01-22T03:59:00+00:00,India,0.4655160988739332,2,1,hi,SAS,Asia
'c95e885889',extremes,Thunderstorm,#53785a,wmo,भारत में गंभीर मौसम,2026-01-27T03:58:00+00:00,India,0.4554218341372144,2,1,hi,SAS,Asia
'2d4d2b3089',extremes,Snow&Ice,#d60d2b,wmo,उत्तराखंड के 11 जिलों में बर्फ,2026-01-22T03:59:00+00:00,India,0.4542009235821737,2,1,hi,SAS,Asia
'538eadceb4',extremes,Heat Wave,#c40202,random,हल्की सर्दी,2026-01-17T03:44:00+00:00,,0.447699618127642,1,2,hi,,
'82fd55b965',extremes,Drought,#edc291,edo,भारत में सूखा,2026-01-24T03:49:00+00:00,India,0.4447451900541285,1,2,hi,SAS,Asia
'4ec651f142',extremes,Snow&Ice,#d60d2b,wmo,उत्तराखंड के 11 जिलों में बर्फबारी,2026-01-21T03:56:00+00:00,India,0.4433487739321641,2,1,hi,SAS,Asia
'5aac2a6d30',extremes,Storm,#b3b2b1,wmo,तूफ़ान भारत,2026-01-27T03:58:00+00:00,India,0.4398693637118161,4,1,hi,SAS,Asia
'82d648b882',extremes,Drought,#edc291,random,सूखा,2026-01-15T10:39:00+00:00,,0.4376199913507826,2,2,hi,,
'18eeb50f0c',extremes,Snow&Ice,#d60d2b,wmo,स्नो इंडिया,2026-01-15T10:56:00+00:00,India,0.4279079574424665,1,1,hi,SAS,Asia
'8437b1b153',extremes,Fog,#d60d2b,wmo,कोहरा एनडब्ल्यू एनसी घना कोहरा,2026-01-18T03:57:00+00:00,India,0.4247823143985118,2,1,hi,SAS,Asia
'3d4dbc8c3b',extremes,Precipitation,#d60d2b,random,भारी वर्षा,2026-01-17T03:44:00+00:00,,0.4227909216494846,3,2,hi,,
'c685705bbd',extremes,Earthquake,#870007,usgs,भूकंप चीन,2026-01-15T10:56:00+00:00,China,0.4221067456249892,1,2,hi,EAS,Asia
'4609262d69',extremes,Fog,#d60d2b,wmo,आंध्र प्रदेश के बापटला जिले में कोहरा,2026-01-18T03:57:00+00:00,India,0.4200351191116244,2,1,hi,SAS,Asia
'b2bc2d0c7f',extremes,Snow Avalanche,#deddd5,wmo,हिमस्खलन भारत,2026-01-25T04:06:00+00:00,India,0.4157209709565589,4,2,hi,SAS,Asia
'20741ce7eb',extremes,Tsunami,#690191,random,सुनामी,2026-01-15T10:39:00+00:00,,0.4127098916999575,2,1,hi,,
'7e6c45f3ef',extremes,Snow Avalanche,#deddd5,wmo,हिमाचल प्रदेश के कुल्लू जिले में हिमस्खलन,2026-01-26T04:09:00+00:00,India,0.4108199338556626,3,1,hi,SAS,Asia
'a5ff1cde4a',extremes,Drought,#edc291,random,मिट्टी की नमी,2026-01-28T03:56:00+00:00,,0.408845874478175,1,2,hi,,
'ea1c03418f',extremes,Snow&Ice,#d60d2b,random,ओलावृष्टि,2026-01-15T12:13:00+00:00,,0.4031092144129821,1,2,hi,,
'b4cd8bfe1e',extremes,ice jam,#d60d2b,random,बाढ़,2026-01-23T04:02:00+00:00,,0.4021048617823536,1,2,hi,,
'fc65ba09fe',extremes,Thunderstorm,#53785a,wmo,पंजाब के 12 जिलों में ओलावृष्टि,2026-01-22T03:59:00+00:00,India,0.4006586695789401,3,1,hi,SAS,Asia
'df7e5328ea',extremes,Cold Wave,#a7e9fa,random,शीतलहर,2026-01-27T03:58:00+00:00,,0.3975742266576298,1,3,hi,,
'8a2620177f',extremes,Earthquake,#870007,usgs,भूकंप तसरार शरीफ़,2026-02-04T04:21:00+00:00,India,0.3945507632237089,1,1,hi,WCA,Asia
'67d2701c5b',extremes,Earthquake,#870007,usgs,भूकंप फेक,2026-02-05T04:27:00+00:00,India,0.3937051083551026,2,1,hi,SAS,Asia
'1405131905',extremes,Thunderstorm,#53785a,random,ओले,2026-01-22T03:59:00+00:00,,0.3903880839483383,1,2,hi,,
'f8a513bf41',extremes,Tropical Cyclone,#4f4f4f,random,औषधि,2026-01-22T03:59:00+00:00,,0.3897875628883914,3,1,hi,,
'bd21048a6a',extremes,Drought,#edc291,edo,संयुक्त अरब अमीरात में सूखा,2026-01-15T12:14:00+00:00,United Arab Emirates,0.3869486574984482,1,1,hi,ARP,Asia
'90522631da',extremes,Precipitation,#d60d2b,wmo,भारत में वर्षा,2026-01-25T04:06:00+00:00,India,0.3865215307104938,3,1,hi,SAS,Asia
'da77b5167a',extremes,Earthquake,#870007,usgs,भूकंप हायुलियांग,2026-01-22T03:59:00+00:00,India,0.3864382228862676,1,1,hi,SAS,Asia
'560b05d603',extremes,Heat Wave,#c40202,random,गर्मी की लहर,2026-01-18T03:56:00+00:00,,0.3821532007523822,2,1,hi,,
'5ea4d45f08',extremes,Tropical Cyclone,#4f4f4f,random,भूस्खलन,2026-01-17T03:44:00+00:00,,0.3804597741545205,1,2,hi,,
'62ede3d2ca',extremes,Thunderstorm,#53785a,wmo,पंजाब के 11 जिलों में आंधी,2026-01-22T03:59:00+00:00,India,0.3791441769808999,2,1,hi,SAS,Asia
'e25c6dc644',extremes,Earthquake,#870007,usgs,भूकंप ग्यालशिंग,2026-02-08T04:43:00+00:00,India,0.3756896128887084,2,1,hi,TIB,Asia
'da87fd7743',extremes,Fog,#d60d2b,wmo,आंध्र प्रदेश का एलुरु जिला,2026-01-17T03:44:00+00:00,India,0.3694700125236232,2,1,hi,SAS,Asia
'2eb7e98146',extremes,Snow Avalanche,#deddd5,wmo,उत्तराखंड के चमोली जिले में हिमस्खलन,2026-01-25T04:06:00+00:00,India,0.3682958482195922,2,1,hi,SAS,Asia
'e529a9043d',extremes,Fog,#d60d2b,wmo,हरियाणा के हिसार जिले में कोहरा,2026-01-19T04:03:00+00:00,India,0.3670429648665109,3,1,hi,SAS,Asia
'a4e63fa11b',extremes,Snow&Ice,#d60d2b,random,सर्दी का मौसम,2026-01-17T03:44:00+00:00,,0.3617060501904376,1,3,hi,,
'17c827a010',extremes,Earthquake,#870007,usgs,भूकंप जापान,2026-01-15T10:56:00+00:00,Japan,0.3589351645036949,2,2,hi,EAS,Asia
'de7359a8f0',extremes,Wildfire,#d60d2b,wmo,जंगल की आग उत्तराखंड,2026-01-15T10:56:00+00:00,India,0.358213350336528,3,1,hi,SAS,Asia
'26fee806c3',extremes,Precipitation,#d60d2b,wmo,मूसलधार बारिश भारत,2026-01-17T03:44:00+00:00,India,0.3567012856892104,2,1,hi,SAS,Asia
'de3b36bacb',extremes,Thunderstorm,#53785a,random,गंभीर मौसम,2026-01-20T03:55:00+00:00,,0.350796034572185,1,2,hi,,
'60bddf3351',extremes,Drought,#edc291,edo,भारत में वर्षा की कमी,2026-01-19T04:03:00+00:00,India,0.3507910197083783,1,1,hi,SAS,Asia
'b24c0517bf',extremes,Cold Wave,#a7e9fa,random,पारा गिरा,2026-01-22T03:59:00+00:00,,0.3493162572609418,2,1,hi,,
'e4c0eb1729',extremes,Wildfire,#d60d2b,random,जंगल की आग,2026-01-24T03:48:00+00:00,,0.34865558926018,1,2,hi,,
'10f476720b',extremes,Insect Infestation,#d60d2b,random,टिड्डा,2026-01-26T04:08:00+00:00,,0.3485064152251044,1,1,hi,,
'8d4e6fcc3e',extremes,Snow&Ice,#d60d2b,random,बर्फ़ीला तूफ़ान,2026-01-15T10:39:00+00:00,,0.3484588916075219,1,1,hi,,
'0b8f5a0e51',extremes,Iceberg,#d60d2b,random,हिमशैल अंटार्कटिका,2026-01-18T03:56:00+00:00,,0.3484556206416935,1,1,hi,,
'1c38b19449',extremes,Storm,#b3b2b1,random,धूल के कटोरे,2026-01-15T10:39:00+00:00,,0.3484455631965196,1,1,hi,,
'dc5bf960b0',extremes,Snow&Ice,#d60d2b,random,बर्फ़ीला तूफ़ान,2026-01-15T10:39:00+00:00,,0.3484157507385845,1,1,hi,,
'3fa143a609',extremes,Storm,#b3b2b1,random,धूल भरी आंधी,2026-01-15T10:39:00+00:00,,0.3484155837900779,1,1,hi,,
'e0f14a84be',extremes,Tropical Cyclone,#4f4f4f,random,राष्ट्रीय तूफान केंद्र,2026-01-15T10:39:00+00:00,,0.3475821418682395,1,1,hi,,
'4093195155',extremes,Storm,#b3b2b1,wmo,तूफ़ान उछाल भारत,2026-01-22T03:59:00+00:00,India,0.3445121994218699,4,1,hi,SAS,Asia
'ff7862e348',extremes,Drought,#edc291,edo,सूखापन भारत,2026-01-26T04:09:00+00:00,India,0.3431070320863734,1,1,hi,SAS,Asia
'7e303c7e63',extremes,Snow Avalanche,#deddd5,random,हिम हिमस्खलन,2026-01-20T03:55:00+00:00,,0.3397097135233366,1,1,hi,,
'c4f1f0cbf9',extremes,Iceberg,#d60d2b,random,हिमशैल आर्कटिक,2026-01-21T03:55:00+00:00,,0.3378656724753853,1,1,hi,,
'776fe47817',extremes,Wildfire,#d60d2b,random,जंगल की आग,2026-01-17T03:44:00+00:00,,0.3349907970415916,1,1,hi,,
'5b8cf400f9',extremes,Iceberg,#d60d2b,random,हिमशैल का शांत होना,2026-01-19T04:02:00+00:00,,0.3348794352955919,1,1,hi,,
'cb43c2bb0b',extremes,Heat Wave,#c40202,random,सबसे गर्म वर्ष,2026-01-29T04:18:00+00:00,,0.3339094900248309,1,1,hi,,
'ce37661cdd',extremes,Cold Wave,#a7e9fa,random,सबसे ठंडा दिन,2026-01-15T10:56:00+00:00,,0.3331651173684488,1,1,hi,,
'1d33bbdbbe',extremes,Snow&Ice,#d60d2b,random,उड़ती हुई बर्फ,2026-02-07T04:19:00+00:00,,0.3311597115701493,1,1,hi,,
'c0ea0632ba',extremes,Heat Wave,#c40202,random,गर्मी,2026-01-15T10:39:00+00:00,,0.3310490450783174,3,2,hi,,
'c0ae99f2a9',extremes,Precipitation,#d60d2b,random,भारी वर्षा,2026-01-25T04:05:00+00:00,,0.3281525836464418,1,1,hi,,
'c948617fef',extremes,Heat Wave,#c40202,random,अत्यधिक गर्मी का जोखिम,2026-02-06T04:27:00+00:00,,0.3277869866469687,1,1,hi,,
'59b5340b69',extremes,Precipitation,#d60d2b,random,मौसम सामने,2026-01-15T10:56:00+00:00,,0.3275713104949573,1,2,hi,,
'b073fed5b4',extremes,Snow&Ice,#d60d2b,random,ठंढ,2026-01-24T03:48:00+00:00,,0.3269387768182709,1,1,hi,,
'c3d0e3b068',extremes,Snow&Ice,#d60d2b,random,जमना,2026-01-22T03:59:00+00:00,,0.3226516772615738,1,1,hi,,
'45500dcb47',extremes,Precipitation,#d60d2b,random,रिकार्ड वर्षा,2026-01-27T03:58:00+00:00,,0.3220848420292492,1,1,hi,,
'9aceadd432',extremes,Heat Wave,#c40202,random,रिकॉर्ड गर्मी,2026-01-21T03:55:00+00:00,,0.3214594676488884,2,2,hi,,
'52af874334',extremes,Drought,#edc291,random,शुष्कता,2026-01-21T03:55:00+00:00,,0.3201609706431698,1,1,hi,,
'f9f9aaa314',extremes,Earthquake,#870007,usgs,भूकंप धिंग,2026-01-15T10:56:00+00:00,India,0.3197619370949565,1,1,hi,SAS,Asia
'0a98fdd376',extremes,Snow Avalanche,#deddd5,random,हिमस्खलन,2026-01-23T04:02:00+00:00,,0.3168017689057704,1,1,hi,,
'f314bb7747',extremes,Flood,#030ba1,aidr,आस्ट्रेलिया में बाढ़,2026-02-05T04:28:00+00:00,Australia,0.3160616969059588,0,1,hi,CAU,Oceania
'e921e2b0b7',extremes,Flood,#030ba1,aidr,पूर्व उष्णकटिबंधीय चक्रवात टिफ़नी दक्षिण ऑस्ट्रेलिया 2022 से बाढ़ गंभीर बाढ़,2026-02-08T04:44:00+00:00,Australia,0.3159903836899697,0,1,hi,SAU,Oceania
'3e4b341619',extremes,Storm,#b3b2b1,random,तूफ़ान,2026-01-20T03:55:00+00:00,,0.3154576260854026,2,2,hi,,
'81df5b3034',extremes,Storm,#b3b2b1,aidr,तूफान उत्तरी सिडनी ओलावृष्टि 2017,2026-01-25T04:06:00+00:00,,0.3154334406132677,0,1,hi,EAU,Oceania
'1a066ba374',extremes,Heat Wave,#c40202,acwe,गर्म जादू विक्टोरिया,2026-01-30T04:22:00+00:00,Australia,0.315418814478936,0,1,hi,SAU,Oceania
'44211c95de',extremes,Flood,#030ba1,aidr,ऑस्ट्रेलिया में बाढ़,2026-02-05T04:28:00+00:00,Australia,0.3154147599862211,0,1,hi,EAU,Oceania
'255621cc4c',extremes,Earthquake,#870007,usgs,भूकंप पंगुना,2026-01-31T04:16:00+00:00,Papua New Guinea,0.3152302515713779,0,1,hi,EPO,Pacific Ocean
'924236ebf8',extremes,Earthquake,#870007,usgs,भूकंप येनांगयांग,2026-02-05T04:27:00+00:00,Burma (Myanmar),0.3151332194060324,0,1,hi,SAS,Asia
'57c3ca9f77',extremes,Earthquake,#870007,usgs,भूकंप अंटार्कटिका,2026-02-04T04:21:00+00:00,,0.3150962022879079,0,1,hi,EAN,
'5c7fcfcede',extremes,Earthquake,#870007,usgs,भूकंप हायहिफो,2026-02-05T04:27:00+00:00,Tonga,0.3150569953078763,0,1,hi,SPO,Pacific Ocean
'351e201a6d',extremes,Earthquake,#870007,usgs,भूकंप 'ओहोनुआ,2026-01-19T04:02:00+00:00,Tonga,0.3150464160368211,0,1,hi,SPO,Pacific Ocean
'40726d14cc',extremes,Tsunami,#690191,usgs,सुनामी अदक,2026-01-30T04:21:00+00:00,Alaska,0.3150398318435446,0,1,hi,NPO,Pacific Ocean
'22ea11191f',extremes,Earthquake,#870007,usgs,भूकंप बटागे,2026-01-31T04:16:00+00:00,Russia,0.3148579802727754,0,1,hi,RAR,Europe
'628c910b11',extremes,Flood,#030ba1,aidr,बाढ़ बाढ़ न्यू साउथ वेल्स 2022,2026-02-01T04:41:00+00:00,Australia,0.3146840262444516,0,1,hi,EAU,Oceania
'3673682ec0',extremes,Earthquake,#870007,usgs,भूकंप उदगम द्वीप क्षेत्र,2026-01-28T03:56:00+00:00,,0.3145096057209501,0,1,hi,SAO,Atlantic Ocean
'9a84ac4373',extremes,Tsunami,#690191,usgs,सुनामी अलास्का,2026-02-05T04:27:00+00:00,Alaska,0.3140848681264619,0,1,hi,NPO,Pacific Ocean
'8b4587c763',extremes,Storm,#b3b2b1,random,धूल भरी आँधी,2026-01-24T03:48:00+00:00,,0.3140180103395362,1,1,hi,,
'ba8fd53a17',extremes,Earthquake,#870007,usgs,भूकंप कार्ल्सबर्ग रिज,2026-01-21T03:55:00+00:00,,0.3139898537784237,0,1,hi,EIO,Indian Ocean
'3017638745',extremes,Earthquake,#870007,usgs,भूकंप उस्त' कामचत्स्क स्टारी,2026-02-05T04:27:00+00:00,Russia,0.3139623148136632,0,1,hi,RFE,Europe
'685995fcc4',extremes,Earthquake,#870007,usgs,मैक्वेरी द्वीप के पश्चिम में भूकंप,2026-02-05T04:27:00+00:00,,0.3137478705269341,0,1,hi,SOO,Antarctica
'9044bc0335',extremes,Earthquake,#870007,usgs,भूकंप जॉर्जटाउन,2026-01-21T03:55:00+00:00,Saint Helena,0.313740053953542,0,1,hi,SAO,Atlantic Ocean
'4e0167deb4',extremes,Tropical Cyclone,#4f4f4f,eonet,उष्णकटिबंधीय चक्रवात 20s,2026-02-07T04:19:00+00:00,,0.313717979581579,0,1,hi,NAU,Oceania
'd9e53070b4',extremes,Flood,#030ba1,aidr,बाढ़ मैके क्वींसलैंड 2008,2026-01-20T03:57:00+00:00,,0.3134301733095393,0,1,hi,EAU,Oceania
'd59a7e48d7',extremes,Drought,#edc291,random,वाष्पीकरण-उत्सर्जन,2026-01-20T03:55:00+00:00,,0.3129965195573042,1,1,hi,,
'a0068b2b6b',extremes,Flood,#030ba1,aidr,बाढ़ वर्षा और बाढ़ क्वींसलैंड फरवरी मार्च 2022,2026-02-05T04:28:00+00:00,Australia,0.3127534347774909,0,1,hi,EAU,Oceania
'34fd30e809',extremes,Earthquake,#870007,usgs,भूकंप कालमा,2026-02-05T04:27:00+00:00,Chile,0.3126127943362571,0,1,hi,SWS,South-America
'f7e4598a47',extremes,Tropical Cyclone,#4f4f4f,eonet,उष्णकटिबंधीय चक्रवात इवेत्से,2026-01-21T03:55:00+00:00,,0.312567970644984,0,1,hi,MDG,Africa
'3e5f311da7',extremes,Drought,#edc291,edo,साओ टोम और प्रिंसिपे में सूखा,2026-02-05T04:28:00+00:00,Sao Tome and Principe,0.3124906667184254,0,1,hi,WAF,Africa
'42f9f7020d',extremes,Heat Wave,#c40202,acwe,गर्म मौसम न्यू साउथ वेल्स,2026-02-02T04:37:00+00:00,Australia,0.3123876095247488,0,1,hi,EAU,Oceania
'521b639732',extremes,Tropical Cyclone,#4f4f4f,aidr,चक्रवात ओसवाल्ड क्वींसलैंड न्यू साउथ वेल्स 2013,2026-02-05T04:28:00+00:00,Australia,0.3123106631925409,0,1,hi,NAU,Oceania
'aef4c7cec9',extremes,Earthquake,#870007,aidr,भूकंप क्राइस्टचर्च न्यूजीलैंड 2011,2026-01-29T04:19:00+00:00,New Zealand,0.31204638638859,0,1,hi,NZ,Oceania
'ba920c05ae',extremes,Earthquake,#870007,usgs,भूकंप रिवर्टन,2026-02-03T04:27:00+00:00,New Zealand,0.3118625577241554,0,1,hi,NZ,Oceania
'15a9c61e3e',extremes,Landslide,#572c03,random,चट्टानों का खिसकना,2026-01-15T12:13:00+00:00,,0.3118148090065645,1,1,hi,,
'51b14c1443',extremes,Flood,#030ba1,aidr,बाढ़ जिलॉन्ग विक्टोरिया 2016,2026-02-07T04:20:00+00:00,Australia,0.3112734591513348,0,1,hi,SAU,Oceania
'3e2894fd0c',extremes,Iceberg,#d60d2b,random,अंटार्कटिक समुद्री बर्फ,2026-01-21T03:55:00+00:00,,0.3108999208214229,1,1,hi,,
'56dca2743f',extremes,Drought,#edc291,edo,शुष्क अवधि भूमध्यरेखीय गिनी,2026-02-06T04:28:00+00:00,Equatorial Guinea,0.3108065060068075,0,1,hi,WAF,Africa
'aa704a9a6b',extremes,Earthquake,#870007,usgs,भूकंप गिज़ो,2026-02-02T04:36:00+00:00,Solomon Islands,0.3107219670412271,0,1,hi,EPO,Pacific Ocean
'16aa48504a',extremes,Cold Wave,#a7e9fa,random,पारा गिरा,2026-01-23T04:02:00+00:00,,0.3105291037025085,0,1,hi,,
'e9cac0207d',extremes,Earthquake,#870007,usgs,भूकंप मेडागास्कर,2026-01-29T04:18:00+00:00,Madagascar,0.3104265014139611,0,1,hi,MDG,Africa
'3c0d8a70ba',extremes,Earthquake,#870007,usgs,भूकंप फिन्सचाफेन,2026-02-05T04:27:00+00:00,Papua New Guinea,0.3104238392347926,0,1,hi,SEA,Oceania
'1a89155ed1',extremes,Drought,#edc291,edo,साओ टोम और प्रिंसिपे में बारिश की कमी,2026-02-07T04:19:00+00:00,Sao Tome and Principe,0.3104198608982231,0,1,hi,WAF,Africa
'93f18e9364',extremes,Heat Wave,#c40202,wmo,हीट वेव अर्जेंटीना,2026-02-10T04:43:00+00:00,Argentina,0.310389003780201,0,1,hi,SES,South-America
'0d99295f2f',extremes,Drought,#edc291,edo,सोमालिया में बारिश की कमी,2026-02-06T04:28:00+00:00,Somalia,0.3102172923736128,0,1,hi,NEAF,Africa
'ef54296dab',extremes,Snow&Ice,#d60d2b,random,बर्फ तैरती है,2026-01-23T04:02:00+00:00,,0.3100490573909686,1,1,hi,,
'45278c4de3',extremes,Drought,#edc291,edo,सोमालिया में सूखा,2026-01-22T04:00:00+00:00,Somalia,0.3098307487131462,0,1,hi,NEAF,Africa
'f2b29262f2',extremes,Drought,#edc291,edo,बेल्जियम में सूखा,2026-02-05T04:28:00+00:00,Belgium,0.3097987497087653,0,1,hi,WCE,Europe
'80a1b6ba6b',extremes,Drought,#edc291,edo,सूखा बेल्जियम,2026-02-06T04:28:00+00:00,Belgium,0.3096683279573431,0,1,hi,WCE,Europe
'fcc3f80d6b',extremes,Heat Wave,#c40202,wmo,हीट वेव पैराग्वे,2026-01-24T03:48:00+00:00,Paraguay,0.3093991540358694,0,1,hi,SES,South-America
'980a973102',extremes,Tropical Cyclone,#4f4f4f,random,बम चक्रवात,2026-01-15T10:56:00+00:00,,0.3092974987090162,1,1,hi,,
'221e658bfd',extremes,Drought,#edc291,edo,सूखापन लक्ज़मबर्ग,2026-02-10T04:43:00+00:00,Luxembourg,0.3090229214900688,0,1,hi,WCE,Europe
'd3353562c0',extremes,Drought,#edc291,edo,सूखापन जिबूती,2026-02-06T04:28:00+00:00,Djibouti,0.3089537604399661,0,1,hi,NEAF,Africa
'8ebd9f213e',extremes,Wildfire,#d60d2b,acwe,दक्षिण ऑस्ट्रेलिया के जंगलों में लगी आग,2026-01-27T03:59:00+00:00,Australia,0.3089280531027499,0,1,hi,SAU,Oceania
'676a85a2fa',extremes,Drought,#edc291,edo,साओ टोम और प्रिंसिपे में सूखापन,2026-02-02T04:36:00+00:00,Sao Tome and Principe,0.3086140249764246,0,1,hi,WAF,Africa
'dba9977fc1',extremes,Drought,#edc291,edo,फ़रो द्वीपसमूह में वर्षा की कमी,2026-02-07T04:19:00+00:00,Faroe Islands,0.308539521612019,0,1,hi,NEU,Europe
'02f4a27a12',extremes,Earthquake,#870007,usgs,भूकंप मेंडी,2026-02-05T04:27:00+00:00,Papua New Guinea,0.3083462618499812,0,1,hi,SEA,Oceania
'7054c01ed8',extremes,Drought,#edc291,edo,संयुक्त अरब अमीरात में बारिश की कमी,2026-01-15T10:57:00+00:00,United Arab Emirates,0.3081073677967173,1,1,hi,ARP,Asia
'0d261f252d',extremes,Storm,#b3b2b1,random,शीत ऋतु की आंधी,2026-01-26T04:08:00+00:00,,0.308071468206377,0,1,hi,,
'0f0c46c2b9',extremes,Precipitation,#d60d2b,acwe,दक्षिण ऑस्ट्रेलिया में वर्षा,2026-01-28T03:57:00+00:00,Australia,0.3079471104686876,0,1,hi,SAU,Oceania
'7b672dbbe2',extremes,Earthquake,#870007,usgs,भूकंप दक्षिणी पूर्व प्रशांत उत्थान,2026-02-05T04:27:00+00:00,,0.3079063278340997,0,1,hi,SPO,Pacific Ocean
'9349bd9c5e',extremes,Drought,#edc291,edo,सूखापन भूमध्यरेखीय गिनी,2026-01-26T04:09:00+00:00,Equatorial Guinea,0.3076260498036848,0,1,hi,WAF,Africa
'0df507a059',extremes,Drought,#edc291,edo,अजरबैजान में सूखा,2026-02-06T04:28:00+00:00,Azerbaijan,0.3076176103470676,0,1,hi,WCA,Asia
'4efc1e509e',extremes,Snow Avalanche,#deddd5,wmo,हिमस्खलन फ़्रांस,2026-02-05T04:27:00+00:00,France,0.3075750673862922,0,1,hi,WCE,Europe
'fc65ecc005',extremes,Cold Wave,#a7e9fa,wmo,शीत लहर ब्राज़ील,2026-02-07T04:19:00+00:00,Brazil,0.3074172832985185,0,1,hi,SAM,South-America
'64476ecf6f',extremes,Precipitation,#d60d2b,acwe,दक्षिण ऑस्ट्रेलिया में भारी वर्षा,2026-01-27T03:59:00+00:00,Australia,0.3072700177133782,0,1,hi,CAU,Oceania
'cd349f2a0f',extremes,Drought,#edc291,edo,सूखापन हांगकांग,2026-02-06T04:28:00+00:00,Hong Kong,0.3070603586824189,0,1,hi,EAS,Asia
'3a23ad42fe',extremes,Precipitation,#d60d2b,wmo,अर्जेंटीना में मूसलाधार बारिश,2026-02-05T04:27:00+00:00,Argentina,0.3068969587002354,0,1,hi,SES,South-America
'ac9b4f5444',extremes,Storm,#b3b2b1,wmo,तूफ़ान उछाल अर्जेंटीना,2026-02-05T04:27:00+00:00,Argentina,0.3067056640519299,0,1,hi,SES,South-America
'893e673584',extremes,Earthquake,#870007,usgs,भूकंप मध्य पूर्व प्रशांत वृद्धि,2026-02-05T04:27:00+00:00,,0.3066345035951426,0,1,hi,EPO,Pacific Ocean
'02711610b5',extremes,Storm,#b3b2b1,wmo,तूफ़ान अर्जेंटीना,2026-02-05T04:27:00+00:00,Argentina,0.3066021403556171,0,1,hi,SES,South-America
'21ada6323e',extremes,Drought,#edc291,edo,बारिश की कमी अज़रबैजान,2026-02-05T04:28:00+00:00,Azerbaijan,0.3065059264399009,0,1,hi,WCA,Asia
'6c6666b2af',extremes,Precipitation,#d60d2b,wmo,वर्षा अर्जेंटीना,2026-02-05T04:27:00+00:00,Argentina,0.3064436390474371,0,1,hi,SES,South-America
'3f0fdf7387',extremes,Earthquake,#870007,usgs,भूकंप गैलापागोस ट्रिपल जंक्शन क्षेत्र,2026-01-29T04:18:00+00:00,,0.3064130050444243,0,1,hi,EPO,Pacific Ocean
'0a54633be0',extremes,Drought,#edc291,edo,वर्षा की कमी लक्ज़मबर्ग,2026-02-05T04:28:00+00:00,Luxembourg,0.3063386960753744,0,1,hi,WCE,Europe
'e7db391dce',extremes,Storm,#b3b2b1,wmo,तूफ़ान उछाल कोस्टा रिका,2026-01-31T04:16:00+00:00,Costa Rica,0.30630568253986,0,1,hi,SCA,North-America
'e431c24ff6',extremes,Heat Wave,#c40202,wmo,हीट वेव चिली,2026-02-05T04:27:00+00:00,Chile,0.3062964917581504,0,1,hi,SWS,South-America
'ab8adba258',extremes,Storm,#b3b2b1,wmo,स्टॉर्म सर्ज लिटोरल प्रोविंसिया डी हुआस्को,2026-02-07T04:19:00+00:00,Chile,0.3062655957052314,0,1,hi,SWS,South-America
'19541fab6d',extremes,Storm,#b3b2b1,wmo,तूफ़ान उछाल फ़िनलैंड,2026-02-08T04:43:00+00:00,Finland,0.3061967433595992,0,1,hi,NEU,Europe
'283b154c38',extremes,Wet Spell,#d60d2b,random,गीला जादू,2026-01-15T12:13:00+00:00,,0.3061723629772925,1,1,hi,,
'5ebfb55f9a',extremes,Wildfire,#d60d2b,eonet,आरएक्स न्यूसेस 0577 निर्धारित अग्नि न्यूसेस टेक्सास,2026-01-27T03:58:00+00:00,,0.3061383830693329,0,1,hi,NCA,North-America
'6b471a0f5b',extremes,Storm,#b3b2b1,wmo,दक्षिण अफ़्रीका में तूफ़ान की लहर,2026-02-09T04:39:00+00:00,South Africa,0.3061258757452039,0,1,hi,WSAF,Africa
'24e7169f97',extremes,Storm,#b3b2b1,wmo,तूफ़ान त्रिनिदाद और टोबैगो,2026-02-10T04:43:00+00:00,Trinidad and Tobago,0.3060784731831012,0,1,hi,NSA,North-America
'1c0214d974',extremes,Storm,#b3b2b1,wmo,तूफ़ान दक्षिण अफ़्रीका,2026-02-05T04:27:00+00:00,South Africa,0.3060708547440301,0,1,hi,WSAF,Africa
'9ceba27bb5',extremes,Heat Wave,#c40202,wmo,हीट वेव ब्राज़ील,2026-02-03T04:27:00+00:00,Brazil,0.3060285556857266,0,1,hi,SAM,South-America
'23ad2bb822',extremes,Earthquake,#870007,usgs,भूकंप रूस,2026-01-15T10:56:00+00:00,Russia,0.3048971748827699,3,1,hi,EAS,Asia
'a652c78afc',extremes,Drought,#edc291,random,महासूखा,2026-01-18T03:56:00+00:00,,0.3006146746719527,1,1,hi,,
'40f675561f',extremes,Heat Wave,#c40202,random,सबसे तेज़ गर्मी,2026-01-15T10:56:00+00:00,,0.2950321865222953,1,1,hi,,
'80462e91eb',extremes,Tropical Cyclone,#4f4f4f,random,चक्रवात,2026-01-15T10:56:00+00:00,,0.2935108649530786,1,1,hi,,
'845dd2d698',extremes,Storm,#b3b2b1,random,बवंडर,2026-01-17T03:44:00+00:00,,0.2922977139981262,1,1,hi,,
'8447ef896b',extremes,Snow&Ice,#d60d2b,random,बर्फ कीचड़,2026-02-10T04:42:00+00:00,,0.2920290505453786,1,1,hi,,
'55c39b351d',extremes,Storm,#b3b2b1,random,धूल शैतान,2026-01-15T10:56:00+00:00,,0.2919004901910539,1,1,hi,,
'4c8bd3e4d4',extremes,Insect Infestation,#d60d2b,random,टिड्डियाँ,2026-01-15T10:56:00+00:00,,0.2906973657887665,1,1,hi,,
'f4e1bf0fdf',extremes,Flood,#030ba1,random,ग्लेशियर झील का प्रकोप,2026-01-18T03:56:00+00:00,,0.2884934163704752,1,1,hi,,
'ea87be5bd8',extremes,Heat Wave,#c40202,random,चिलचिलाती तापमान,2026-01-15T12:13:00+00:00,,0.2871362216175053,1,1,hi,,
'4f9a8ebb25',extremes,Snow&Ice,#d60d2b,random,रात की ठंढ,2026-01-15T10:56:00+00:00,,0.2854806993308171,1,1,hi,,
'8a1a9038c3',extremes,Storm,#b3b2b1,random,बर्फ़ीला तूफ़ान,2026-01-15T10:56:00+00:00,,0.2842838002747166,1,1,hi,,
'fa761481b5',extremes,Drought,#edc291,edo,संयुक्त अरब अमीरात में सूखा,2026-01-26T04:09:00+00:00,United Arab Emirates,0.2839055470226807,1,1,hi,ARP,Asia
'6b7e025bb3',extremes,Storm,#b3b2b1,random,बवंडर,2026-01-15T10:56:00+00:00,,0.2817628216936151,1,1,hi,,
'69791e5a17',extremes,Flood,#030ba1,random,आकस्मिक बाढ़,2026-01-17T03:44:00+00:00,,0.2782284672948678,1,1,hi,,
'622bd2c53e',extremes,Drought,#edc291,edo,संयुक्त अरब अमीरात में सूखापन,2026-01-21T03:56:00+00:00,United Arab Emirates,0.2772001274038934,1,1,hi,ARP,Asia
'4d9577e33d',extremes,Volcano,#b83202,random,ज्वालामुखी,2026-02-06T04:27:00+00:00,,0.2752933499075616,1,1,hi,,
'45f861329d',extremes,Landslide,#572c03,aidr,भूस्खलन एडिलेड पहाड़ियाँ दक्षिण ऑस्ट्रेलिया,2026-01-15T10:57:00+00:00,Australia,0.2720064152251044,1,1,hi,SAU,Oceania
'f6374995d1',extremes,Tropical Cyclone,#4f4f4f,cmeter,उष्णकटिबंधीय चक्रवात इटली,2026-01-28T03:57:00+00:00,Italy,0.2720064152251044,1,1,hi,MED,Europe
'6f60f45443',extremes,Snow&Ice,#d60d2b,cmeter,उत्तरी अमेरिकी शीतकालीन तूफान न्यूयॉर्क,2026-01-31T04:17:00+00:00,United States,0.2720064152251044,1,1,hi,ENA,North-America
'a241cba1ba',extremes,Volcano,#b83202,eonet,एम्ब्रीम ज्वालामुखी वानुअतु,2026-01-15T10:56:00+00:00,Vanuatu,0.271990453362115,1,1,hi,SPO,Oceania
'6f7179aa00',extremes,Volcano,#b83202,eonet,ज्वालामुखी फिलीपींस,2026-01-15T10:56:00+00:00,Philippines,0.2719808606448024,1,1,hi,SEA,Asia
'4594f1a372',extremes,Earthquake,#870007,usgs,भूकंप ईरान,2026-01-15T10:56:00+00:00,Iran,0.2719749894588121,1,1,hi,WCA,Asia
'7a2481f0b1',extremes,Flood,#030ba1,aidr,ऑस्ट्रेलिया में नदियों में बाढ़,2026-01-15T10:57:00+00:00,Australia,0.2719285584694787,1,1,hi,EAU,Oceania
'ebe314dd99',extremes,Flood,#030ba1,aidr,भारी वर्षा और बाढ़ क्वींसलैंड फरवरी 2020,2026-01-15T10:57:00+00:00,Australia,0.2719274879956287,1,1,hi,EAU,Oceania
'02f56319a7',extremes,Flood,#030ba1,wmo,ऑस्ट्रेलिया में बाढ़,2026-01-15T10:56:00+00:00,Australia,0.2719265309500764,1,1,hi,CAU,Oceania
'3894a694d1',extremes,Flood,#030ba1,aidr,ऑस्ट्रेलिया में आकस्मिक बाढ़,2026-01-15T10:57:00+00:00,Australia,0.2719202089432805,1,1,hi,EAU,Oceania
'2c38aada07',extremes,Earthquake,#870007,usgs,भूकंप कोलचेन,2026-01-15T12:13:00+00:00,Chile,0.2718806833866668,1,1,hi,SWS,South-America
'3a67915e02',extremes,Earthquake,#870007,usgs,भूकंप पेरू,2026-01-15T10:56:00+00:00,Peru,0.2718785030627262,1,1,hi,NWS,South-America
'66889dc3f2',extremes,Earthquake,#870007,usgs,भूकंप ओलागुए,2026-01-15T10:56:00+00:00,Chile,0.2718780783172336,1,1,hi,SWS,South-America
'6bad2a8cbc',extremes,Earthquake,#870007,usgs,भूकंप सैन अगस्टिन डे वैले फर्टिल,2026-01-15T12:13:00+00:00,Argentina,0.2718757205905468,1,1,hi,SES,South-America
'1a17358ebb',extremes,Tsunami,#690191,usgs,सुनामी टोबेलो,2026-01-15T10:56:00+00:00,Indonesia,0.2718699822017002,1,1,hi,SEA,Asia
'26349abe17',extremes,Tsunami,#690191,usgs,सुनामी अट्टू स्टेशन,2026-01-15T12:13:00+00:00,Alaska,0.2718689965501044,1,1,hi,NPO,Pacific Ocean
'464d595634',extremes,Earthquake,#870007,usgs,भूकंप कैमिना,2026-01-15T12:13:00+00:00,Chile,0.2718665057849666,1,1,hi,SWS,South-America
'018b9ccc96',extremes,Earthquake,#870007,usgs,भूकंप मॉरीशस पुनर्मिलन क्षेत्र,2026-01-15T10:56:00+00:00,,0.2718662773241356,1,1,hi,SIO,Indian Ocean
'76ad379230',extremes,Earthquake,#870007,usgs,पेट्रोपावलोव्स्क कामचात्स्की में भूकंप,2026-01-15T10:56:00+00:00,Russia,0.2718656567756997,1,1,hi,RFE,Asia
'4d51911b1d',extremes,Earthquake,#870007,usgs,भूकंप सोला,2026-01-15T10:56:00+00:00,Vanuatu,0.2718575484724872,1,1,hi,SPO,Pacific Ocean
'6b1cc9478a',extremes,Earthquake,#870007,usgs,भूकंप माबारुमा,2026-01-15T10:56:00+00:00,Guyana,0.271855897429081,1,1,hi,NSA,South-America
'd18c9a3f35',extremes,Earthquake,#870007,usgs,भूकंप सैन एंटोनियो डी लॉस कोबरेस,2026-01-15T10:56:00+00:00,Argentina,0.2718542367751476,1,1,hi,SES,South-America
'7a3d1676da',extremes,Earthquake,#870007,usgs,फिलीपींस में भूकंप,2026-01-15T10:56:00+00:00,Philippines,0.271853247366279,1,1,hi,SEA,Asia
'fa8badb0c3',extremes,Tsunami,#690191,usgs,सुनामी बैकुलिन,2026-01-15T10:56:00+00:00,Philippines,0.2718532280204247,1,1,hi,SEA,Asia
'73d01d320c',extremes,Earthquake,#870007,usgs,भूकंप अफगानिस्तान,2026-01-15T12:13:00+00:00,Afghanistan,0.2718481300815867,1,1,hi,WCA,Asia
'f4e7397282',extremes,Tsunami,#690191,usgs,सुनामी बंदरगाह अल्सवर्थ,2026-01-15T10:56:00+00:00,United States,0.2718481108233403,1,1,hi,NWN,North-America
'072f41af80',extremes,Earthquake,#870007,usgs,भूकंप अराटोका,2026-01-15T10:56:00+00:00,Colombia,0.2718445019598915,1,1,hi,NWS,South-America
'43165fdae0',extremes,Earthquake,#870007,usgs,भूकंप विला बेसिलियो निवास,2026-01-15T12:13:00+00:00,Argentina,0.2718443846256417,1,1,hi,SWS,South-America
'01e4b0cc71',extremes,Earthquake,#870007,usgs,भूकंप कुरीलस्क,2026-01-15T10:56:00+00:00,Russia,0.2718391678463759,1,1,hi,EAS,Asia
'e1256a9495',extremes,Tsunami,#690191,usgs,सुनामी रैंचो वीजो,2026-01-15T10:56:00+00:00,Mexico,0.2718375840922009,1,1,hi,SCA,North-America
'f8fc7b9a8d',extremes,Tsunami,#690191,usgs,सुनामी याकुतत,2026-01-15T10:56:00+00:00,Canada,0.2718373713672196,1,1,hi,NWN,North-America
'f5e86f8f49',extremes,Earthquake,#870007,usgs,भूकंप सैन मिगुएल,2026-01-15T10:56:00+00:00,Ecuador,0.2718355863827519,1,1,hi,NWS,South-America
'e6998a615e',extremes,Earthquake,#870007,usgs,भूकंप मुर्घोब,2026-01-15T12:13:00+00:00,Tajikistan,0.2718342128109323,1,1,hi,WCA,Asia
'c605f8759a',extremes,Earthquake,#870007,usgs,भूकंप गुआम,2026-01-15T10:56:00+00:00,Guam,0.2718323386724093,1,1,hi,NPO,Pacific Ocean
'9f3b29621a',extremes,Earthquake,#870007,usgs,भूकंप मध्य मध्य अटलांटिक रिज,2026-01-15T10:56:00+00:00,,0.2718320989482345,1,1,hi,EAO,Atlantic Ocean
'70773b5956',extremes,Earthquake,#870007,usgs,भूकंप अलास्का,2026-01-15T10:56:00+00:00,Alaska,0.27183145568297,1,1,hi,NWN,North-America
'957a7a09df',extremes,Earthquake,#870007,usgs,भूकंप अट्टू स्टेशन,2026-01-15T10:56:00+00:00,Alaska,0.2718247930159818,1,1,hi,NPO,Pacific Ocean
'db2a276fc1',extremes,Earthquake,#870007,usgs,भूकंप ऐसेन,2026-01-15T12:13:00+00:00,Chile,0.2718245100313835,1,1,hi,SWS,South-America
'7e7895dc7a',extremes,Earthquake,#870007,usgs,भूकंप ताजिकिस्तान,2026-01-15T10:56:00+00:00,Tajikistan,0.2718240888930743,1,1,hi,WCA,Asia
'8710bd49ea',extremes,Earthquake,#870007,usgs,भूकंप सेवरो कुरीलस्क,2026-01-15T10:56:00+00:00,Russia,0.2718233424444694,1,1,hi,RFE,Asia
'db5f39549c',extremes,Earthquake,#870007,usgs,भूकंप इंडोनेशिया,2026-01-15T10:56:00+00:00,Indonesia,0.2718196050281653,1,1,hi,SEA,Asia
'85a135fac3',extremes,Earthquake,#870007,usgs,भूकंप ओज़र्नोव्स्की,2026-01-15T10:56:00+00:00,Russia,0.2718194811024073,1,1,hi,RFE,Asia
'51dfc3f3e1',extremes,Earthquake,#870007,usgs,भूकंप कोकोपो,2026-01-15T10:56:00+00:00,Papua New Guinea,0.2718177223063748,1,1,hi,EPO,Pacific Ocean
'fc0fd225f3',extremes,Earthquake,#870007,usgs,भूकंप बर्मा म्यांमार,2026-01-15T12:13:00+00:00,Burma (Myanmar),0.2718175980110488,1,1,hi,SAS,Asia
'066ed457ed',extremes,Earthquake,#870007,usgs,भूकंप उत्तरी मारियाना द्वीप,2026-01-15T12:13:00+00:00,Northern Mariana Islands,0.2718149036199735,1,1,hi,NPO,Pacific Ocean
'4ea40cfaf4',extremes,Earthquake,#870007,usgs,भूकंप प्रिंस एडवर्ड द्वीप क्षेत्र,2026-01-15T10:56:00+00:00,,0.2718086805399844,1,1,hi,SOO,Antarctica
'f7921ef009',extremes,Earthquake,#870007,usgs,भूकंप vilyuchinsk,2026-01-15T10:56:00+00:00,Russia,0.2718074862869507,1,1,hi,RFE,Asia
'1133ce1349',extremes,Earthquake,#870007,usgs,भूकंप कोस्टा रिका,2026-01-15T12:13:00+00:00,Costa Rica,0.2718070965431488,1,1,hi,SCA,South-America
'6bf5e2061d',extremes,Earthquake,#870007,usgs,भूकंप कैसलप्वाइंट,2026-01-15T10:56:00+00:00,New Zealand,0.271805689718999,1,1,hi,NZ,Oceania
'f5afb20efd',extremes,Earthquake,#870007,usgs,दक्षिण सैंडविच द्वीप क्षेत्र में भूकंप,2026-01-15T10:56:00+00:00,,0.2718016652419222,1,1,hi,SOO,Antarctica
'edcb89e9c3',extremes,Earthquake,#870007,usgs,भूकंप पापुआ न्यू गिनी,2026-01-15T10:56:00+00:00,Papua New Guinea,0.2717999965031588,1,1,hi,SEA,Asia
'03f33e230d',extremes,Earthquake,#870007,usgs,भूकंप चिली,2026-01-15T10:56:00+00:00,Chile,0.2717925587436505,1,1,hi,SWS,South-America
'0a2120b175',extremes,Earthquake,#870007,usgs,भूकंप डिएगो डे अल्माग्रो,2026-01-15T10:56:00+00:00,Chile,0.2717915023027328,1,1,hi,SWS,South-America
'7d79b2a1fb',extremes,Earthquake,#870007,usgs,भूकंप केनकांग,2026-01-15T12:13:00+00:00,Indonesia,0.2717905854242224,1,1,hi,NAU,Oceania
'3e797c4058',extremes,Earthquake,#870007,usgs,भूकंप फ़िजी,2026-01-15T10:56:00+00:00,Fiji,0.271786553932886,1,1,hi,SPO,Pacific Ocean
'6628268bda',extremes,Earthquake,#870007,usgs,भूकंप कोरला,2026-01-15T10:56:00+00:00,China,0.2717864982562222,1,1,hi,ECA,Asia
'd920e41c1e',extremes,Earthquake,#870007,usgs,भूकंप mek'ele,2026-01-15T12:13:00+00:00,Ethiopia,0.2717854040008172,1,1,hi,NEAF,Africa
'3e36cbc783',extremes,Earthquake,#870007,usgs,भूकंप ला अवधारणा,2026-01-15T12:13:00+00:00,Venezuela,0.2717807307390981,1,1,hi,NWS,South-America
'8bf8909453',extremes,Earthquake,#870007,usgs,भूकंप लेवुका,2026-01-15T10:56:00+00:00,Fiji,0.2717782180491243,1,1,hi,SPO,Pacific Ocean
'9de3c9007e',extremes,Earthquake,#870007,usgs,भूकंप yakutat,2026-01-15T10:56:00+00:00,Alaska,0.2717744004149364,1,1,hi,NWN,North-America
'2fa9116266',extremes,Earthquake,#870007,usgs,भूकंप पोर्ट अल्सवर्थ,2026-01-15T12:13:00+00:00,United States,0.2717739625015415,1,1,hi,NWN,North-America
'b0d647e9d3',extremes,Earthquake,#870007,usgs,भूकंप दक्षिणपूर्व भारतीय रिज,2026-01-15T10:56:00+00:00,,0.2717730887011241,1,1,hi,SOO,Antarctica
'0f6b56852d',extremes,Earthquake,#870007,usgs,भूकंप बाकुलिन,2026-01-15T10:56:00+00:00,Philippines,0.2717712069553181,1,1,hi,SEA,Asia
'80f83e2f4e',extremes,Earthquake,#870007,usgs,भूकंप बोलीविया,2026-01-15T12:13:00+00:00,Bolivia,0.2717690503530537,1,1,hi,SES,South-America
'c797f587a9',extremes,Flood,#030ba1,aidr,बाढ़ बूना क्वींसलैंड,2026-01-15T10:57:00+00:00,Australia,0.2717683105545679,1,1,hi,EAU,Oceania
'daed8f4597',extremes,Earthquake,#870007,usgs,भूकंप सोमालिया,2026-01-15T12:13:00+00:00,Somalia,0.2717640475243465,1,1,hi,NEAF,Africa
'997a2e2157',extremes,Earthquake,#870007,usgs,भूकंप अर्जेंटीना,2026-01-15T10:56:00+00:00,Argentina,0.2717588389408521,1,1,hi,SWS,South-America
'90e6558608',extremes,Earthquake,#870007,usgs,भूकंप दक्षिणी मध्य अटलांटिक रिज,2026-01-15T10:56:00+00:00,,0.2717570180651828,1,1,hi,SAO,Atlantic Ocean
'ad41fee440',extremes,Earthquake,#870007,usgs,भूकंप लता,2026-01-15T10:56:00+00:00,Solomon Islands,0.2717568001644146,1,1,hi,SPO,Oceania
'0b2fd57376',extremes,Earthquake,#870007,usgs,भूकंप ताइवान,2026-01-15T12:13:00+00:00,Taiwan,0.2717483301773215,1,1,hi,EAS,Asia
'd46b5571fa',extremes,Tsunami,#690191,usgs,सुनामी ताइवान,2026-01-15T12:13:00+00:00,Taiwan,0.2717475379201979,1,1,hi,EAS,Asia
'da0b9741fb',extremes,Earthquake,#870007,usgs,भूकंप रैंचो वीजो,2026-01-15T12:13:00+00:00,Mexico,0.2717440014743174,1,1,hi,SCA,North-America
'5bf34f285a',extremes,Earthquake,#870007,usgs,इटली में भूकंप,2026-01-15T10:56:00+00:00,Italy,0.2717437936253051,1,1,hi,MED,Europe
'505a53d28b',extremes,Earthquake,#870007,usgs,भूकंप पोर्ट विला,2026-01-15T10:56:00+00:00,Vanuatu,0.271741158270721,1,1,hi,SPO,Oceania
'8684156e57',extremes,Earthquake,#870007,usgs,भूकंप इस देवदूत,2026-01-15T12:13:00+00:00,Vanuatu,0.2717333270421694,1,1,hi,SPO,Pacific Ocean
'17b150a7a2',extremes,Earthquake,#870007,usgs,भूकंप तंजानिया,2026-01-15T10:56:00+00:00,Tanzania,0.2717326529803034,1,1,hi,SEAF,Africa
'ba6e07a583',extremes,Storm,#b3b2b1,emdat,तूफ़ान अल हसाके गवर्नरेट्स,2026-01-15T10:57:00+00:00,Syria,0.2717310539086509,1,1,hi,MED,Asia
'95694d19cf',extremes,Earthquake,#870007,usgs,भूकंप यमन,2026-01-15T12:13:00+00:00,Yemen,0.2717267749855215,1,1,hi,NEAF,Africa
'cc449c3731',extremes,Earthquake,#870007,usgs,भूकंप केरमाडेक द्वीप क्षेत्र,2026-01-15T10:56:00+00:00,,0.2717250609168859,1,1,hi,SPO,Pacific Ocean
'5484f48de4',extremes,Earthquake,#870007,usgs,भूकंप मध्य भारतीय रिज,2026-01-15T10:56:00+00:00,,0.2717248220686753,1,1,hi,SIO,Indian Ocean
'f200ff28aa',extremes,Earthquake,#870007,usgs,संयुक्त राज्य अमेरिका में भूकंप,2026-01-15T10:56:00+00:00,United States,0.2717228865411429,1,1,hi,WNA,North-America
'e98c9b3f42',extremes,Earthquake,#870007,usgs,भूकंप ड्रेक मार्ग,2026-01-15T10:56:00+00:00,,0.2717202890619044,1,1,hi,SOO,Antarctica
'6ff5caa4ff',extremes,Earthquake,#870007,usgs,भूकंप अटका,2026-01-15T10:56:00+00:00,Alaska,0.271719060023959,1,1,hi,NPO,Pacific Ocean
'8b5b4c9d3b',extremes,Earthquake,#870007,usgs,भूकंप प्यूर्टो सांता,2026-01-15T10:56:00+00:00,Peru,0.271715167010741,1,1,hi,NWS,South-America
'37af8de5d1',extremes,Earthquake,#870007,usgs,भूकंप पूर्वी द्वीप क्षेत्र,2026-01-15T10:56:00+00:00,,0.2717115728130244,1,1,hi,SPO,Pacific Ocean
'd1b76ff32a',extremes,Earthquake,#870007,usgs,भूकंप मियाको,2026-01-15T10:56:00+00:00,Japan,0.271711311356893,1,1,hi,EAS,Asia
'53e17b7a15',extremes,Earthquake,#870007,usgs,भूकंप होउमा,2026-01-15T10:56:00+00:00,Tonga,0.271699611597642,1,1,hi,SPO,Pacific Ocean
'27bfeaeef2',extremes,Earthquake,#870007,usgs,भूकंप कुरील द्वीप समूह,2026-01-15T10:56:00+00:00,,0.2716937364745184,1,1,hi,RFE,Asia
'2407b3a8ab',extremes,Drought,#edc291,edo,सूखापन बुरुंडी,2026-01-15T10:57:00+00:00,Burundi,0.2716919451404975,1,1,hi,SEAF,Africa
'485794e3d4',extremes,Earthquake,#870007,usgs,भूकंप कनाडा,2026-01-15T12:13:00+00:00,Canada,0.2716918559586505,1,1,hi,NWN,North-America
'3ba62ce4f2',extremes,Earthquake,#870007,usgs,भूकंप ग्रीस,2026-01-15T10:56:00+00:00,Greece,0.2716891604462931,1,1,hi,MED,Europe
'526ac614cf',extremes,Earthquake,#870007,usgs,भूकंप सैंटे मैरी,2026-01-15T12:13:00+00:00,Martinique,0.271687255018003,1,1,hi,CAR,North-America
'909be204f9',extremes,Earthquake,#870007,usgs,लॉयल्टी द्वीप के दक्षिण-पूर्व में भूकंप,2026-01-15T10:56:00+00:00,,0.271681119031828,1,1,hi,SPO,Pacific Ocean
'731557e0bc',extremes,Earthquake,#870007,usgs,भूकंप तिमोर लेस्ते,2026-01-15T10:56:00+00:00,Timor Leste,0.2716806369849336,1,1,hi,SEA,Asia
'7d68920b56',extremes,Earthquake,#870007,usgs,भूकंप निकारागुआ,2026-01-15T10:56:00+00:00,Nicaragua,0.271666800542253,1,1,hi,SCA,North-America
'1f343ea703',extremes,Earthquake,#870007,usgs,भूकंप doğanyol,2026-01-15T12:13:00+00:00,Turkey,0.2716552696983159,1,1,hi,MED,Asia
'eabe6169ab',extremes,Earthquake,#870007,usgs,भूकंप टोंगा,2026-01-15T10:56:00+00:00,Tonga,0.2716416089773169,1,1,hi,SPO,Pacific Ocean
'c42e3feacc',extremes,Earthquake,#870007,usgs,कुरील द्वीप के उत्तरपश्चिम में भूकंप,2026-01-15T10:56:00+00:00,,0.2716334907363343,1,1,hi,RFE,Asia
'f6ff301646',extremes,Drought,#edc291,edo,सूखा सोमालिया,2026-01-15T10:57:00+00:00,Somalia,0.2716307595277647,1,1,hi,NEAF,Africa
'd9cc56f031',extremes,Drought,#edc291,edo,सूखा जादू ताजिकिस्तान,2026-01-15T10:57:00+00:00,Tajikistan,0.2716294396510521,1,1,hi,WCA,Asia
'22045a461a',extremes,Earthquake,#870007,usgs,भूकंप इज़ू द्वीप जापान क्षेत्र,2026-01-15T10:56:00+00:00,,0.2716290924473013,1,1,hi,NPO,Pacific Ocean
'cce4634973',extremes,Drought,#edc291,edo,सूखा जादू केन्या,2026-01-15T10:57:00+00:00,Kenya,0.2716113264276814,1,1,hi,SEAF,Africa
'08226562a9',extremes,Earthquake,#870007,usgs,भूकंप फ़ैस,2026-01-15T10:56:00+00:00,Micronesia,0.2716085395687398,1,1,hi,NPO,Pacific Ocean
'43540d11be',extremes,Earthquake,#870007,usgs,भूकंप अक्केशी,2026-01-15T10:56:00+00:00,Japan,0.2716056354175713,1,1,hi,EAS,Asia
'2725619969',extremes,Earthquake,#870007,usgs,भूकंप हनावा,2026-01-15T12:13:00+00:00,Japan,0.2716052660652198,1,1,hi,EAS,Asia
'74236bd182',extremes,Drought,#edc291,edo,आइसलैंड में बारिश की कमी,2026-01-15T10:57:00+00:00,Iceland,0.2716006499109582,1,1,hi,GIC,Europe
'40a849aef3',extremes,Earthquake,#870007,usgs,भूकंप zhaotong,2026-01-15T12:13:00+00:00,China,0.2715840831651339,1,1,hi,EAS,Asia
'982d97b8ec',extremes,Earthquake,#870007,usgs,भूकंप सुसानविले,2026-01-15T12:13:00+00:00,United States,0.2715730770590041,1,1,hi,WNA,North-America
'a6144d1f04',extremes,Earthquake,#870007,usgs,भूकंप चूहा द्वीप अलेउतियन द्वीप अलास्का,2026-01-15T10:56:00+00:00,,0.2715718629615182,1,1,hi,NPO,Pacific Ocean
'f986f74559',extremes,Earthquake,#870007,usgs,भूकंप योनाकुनी,2026-01-15T10:56:00+00:00,Japan,0.2715646409960104,1,1,hi,EAS,Asia
'0e39632695',extremes,Drought,#edc291,edo,ईरान में बारिश की कमी,2026-01-15T10:57:00+00:00,Iran,0.2715527142396545,1,1,hi,WCA,Asia
'1a5e4bce35',extremes,Drought,#edc291,edo,बारिश की कमी कुवैत,2026-01-15T10:57:00+00:00,Kuwait,0.2715520719008006,1,1,hi,ARP,Asia
'e1559df16c',extremes,Earthquake,#870007,usgs,भूकंप तोबेलो,2026-01-15T10:56:00+00:00,Indonesia,0.2715490218743391,1,1,hi,SEA,Asia
'c29a12e099',extremes,Earthquake,#870007,usgs,भूकंप सैन विसेंट डे कैनेटे,2026-01-15T12:13:00+00:00,Peru,0.2715416777646466,1,1,hi,NWS,South-America
'958e326b08',extremes,Earthquake,#870007,usgs,भूकंप बोनिन द्वीप जापान क्षेत्र,2026-01-15T10:56:00+00:00,,0.2715410952954409,1,1,hi,NPO,Pacific Ocean
'c25ecb1005',extremes,Earthquake,#870007,usgs,भूकंप यिलान,2026-01-15T10:56:00+00:00,Taiwan,0.2715366301428277,1,1,hi,EAS,Asia
'0ca87424f0',extremes,Drought,#edc291,edo,सूखापन मोरक्को,2026-01-15T10:57:00+00:00,Morocco,0.2715361379186661,1,1,hi,MED,Africa
'34799f2163',extremes,Drought,#edc291,edo,कांगो गणराज्य का सूखा,2026-01-15T10:57:00+00:00,Republic of the Congo,0.2715338497738099,1,1,hi,CAF,Africa
'06532967b8',extremes,Drought,#edc291,edo,ब्राज़ील में वर्षा की कमी,2026-01-15T10:57:00+00:00,Brazil,0.2715299561333928,1,1,hi,SAM,South-America
'eb91bf9344',extremes,Earthquake,#870007,usgs,केरमाडेक द्वीप के दक्षिण में भूकंप,2026-01-15T10:56:00+00:00,,0.2715268865248685,1,1,hi,SPO,Pacific Ocean
'bef1a25283',extremes,Drought,#edc291,edo,सीरिया में सूखा,2026-01-15T10:57:00+00:00,Syria,0.2715241383175806,1,1,hi,MED,Asia
'1c9dc747da',extremes,Drought,#edc291,edo,क्यूबा में बारिश की कमी,2026-01-15T10:57:00+00:00,Cuba,0.2715229193890015,1,1,hi,CAR,North-America
'16348a6786',extremes,Drought,#edc291,edo,शुष्क मौसम ट्यूनीशिया,2026-01-15T10:57:00+00:00,Tunisia,0.2715226301443713,1,1,hi,MED,Africa
'a627698ed3',extremes,Earthquake,#870007,usgs,भूकंप सैंटियागो,2026-01-15T10:56:00+00:00,Philippines,0.2715187413374373,1,1,hi,SEA,Asia
'b9418001ff',extremes,Earthquake,#870007,usgs,भूकंप बिटुंग,2026-01-15T10:56:00+00:00,Indonesia,0.2715185884509042,1,1,hi,SEA,Asia
'ebe3f8a23f',extremes,Drought,#edc291,edo,बारिश की कमी किरिबाती,2026-01-15T10:57:00+00:00,Kiribati,0.2715159284283015,1,1,hi,EAO,Atlantic Ocean
'3f59d8a7a4',extremes,Drought,#edc291,edo,सूखा अर्मेनिया,2026-01-15T10:57:00+00:00,Armenia,0.2715086451845088,1,1,hi,WCA,Asia
'1613eab3ee',extremes,Drought,#edc291,edo,इथियोपिया में बारिश की कमी,2026-01-15T10:57:00+00:00,Ethiopia,0.2715058717432232,1,1,hi,NEAF,Africa
'f1493fbbc1',extremes,Drought,#edc291,edo,बौवेट द्वीप में बारिश की कमी,2026-01-15T10:57:00+00:00,Bouvet Island,0.2715018350682894,1,1,hi,SOO,Antarctica
'49e564d95b',extremes,Drought,#edc291,edo,स्वालबार्ड और जान मायेन द्वीप समूह में सूखा,2026-01-15T10:57:00+00:00,Svalbard and Jan Mayen Islands,0.2715001708451968,1,1,hi,ARO,Arctica
'9845e6aafe',extremes,Drought,#edc291,edo,उत्तरी मारियाना द्वीप समूह में सूखा,2026-01-15T10:57:00+00:00,Northern Mariana Islands,0.2714943265773762,1,1,hi,NPO,Pacific Ocean
'63aea37e6c',extremes,Earthquake,#870007,usgs,भूकंप मुत्सु,2026-01-15T10:56:00+00:00,Japan,0.2714895119990224,1,1,hi,EAS,Asia
'b5bfafc451',extremes,Drought,#edc291,edo,"बारिश की कमी, संयुक्त राज्य अमेरिका के छोटे दूरस्थ द्वीप",2026-01-15T10:57:00+00:00,United States Minor Outlying Islands,0.2714888961554242,1,1,hi,WAF,Africa
'69a64e0e6b',extremes,Drought,#edc291,edo,सूखापन इराक,2026-01-15T10:57:00+00:00,Iraq,0.2714858858789231,1,1,hi,WCA,Asia
'c660d659ce',extremes,Tropical Cyclone,#4f4f4f,eonet,उष्णकटिबंधीय चक्रवात फाइटिया,2026-01-31T04:16:00+00:00,,0.2709466533893596,1,1,hi,ESAF,Africa
'c1c906585f',extremes,Tropical Cyclone,#4f4f4f,eonet,उष्णकटिबंधीय चक्रवात 18पी,2026-01-29T04:18:00+00:00,,0.2705833282606931,1,1,hi,SPO,Pacific Ocean
'f9a3abc8c2',extremes,Landslide,#572c03,random,कीचड़ का प्रवाह,2026-01-17T03:44:00+00:00,,0.2700651057659132,1,1,hi,,
'3296e9a239',extremes,Flood,#030ba1,aidr,ऑस्ट्रेलिया में मूसलाधार बारिश,2026-02-05T04:28:00+00:00,Australia,0.2683145188852114,1,1,hi,SAU,Oceania
'55e8cccd81',extremes,Earthquake,#870007,usgs,भूकंप सैन जुआन,2026-01-31T04:16:00+00:00,Peru,0.2682252320204509,1,1,hi,SWS,South-America
'65b4a087de',extremes,Earthquake,#870007,usgs,भूकंप क़लानसियाह,2026-02-05T04:27:00+00:00,Yemen,0.2679620714354747,1,1,hi,ARS,Indian Ocean
'5c82519f0a',extremes,Tropical Cyclone,#4f4f4f,eonet,उष्णकटिबंधीय चक्रवात 17s,2026-01-24T03:48:00+00:00,,0.2679484859511865,1,1,hi,NAU,Oceania
'6faf696dd9',extremes,Earthquake,#870007,usgs,भूकंप अकुरेरी,2026-01-25T04:05:00+00:00,Iceland,0.2678761207801062,1,1,hi,GIC,Europe
'381ceff412',extremes,Earthquake,#870007,usgs,भूकंप किम्बे,2026-01-29T04:18:00+00:00,Papua New Guinea,0.267504612111723,1,1,hi,EPO,Pacific Ocean
'de55985e54',extremes,Earthquake,#870007,usgs,भूकंप हदीबू,2026-01-21T03:55:00+00:00,Yemen,0.2673954845890531,1,1,hi,ARS,Indian Ocean
'3336c980ab',extremes,Earthquake,#870007,usgs,भूकंप सेंट हेलेना,2026-01-21T03:55:00+00:00,Saint Helena,0.2664005189741036,1,1,hi,EAO,Atlantic Ocean
'06972a2776',extremes,Flood,#030ba1,acwe,आकस्मिक बाढ़ न्यू साउथ वेल्स,2026-01-31T04:17:00+00:00,Australia,0.266100968065277,1,1,hi,EAU,Oceania
'd389bc4f63',extremes,Earthquake,#870007,usgs,भूकंप मेक्सिको,2026-02-05T04:27:00+00:00,Mexico,0.2634375092744141,1,1,hi,SCA,North-America
'74e664d18f',extremes,Tropical Cyclone,#4f4f4f,eonet,उष्णकटिबंधीय चक्रवात 16पी,2026-01-22T03:59:00+00:00,,0.261882610421653,1,1,hi,SPO,Pacific Ocean
'48a9733a03',extremes,Storm,#b3b2b1,wmo,तूफ़ान मालदीव,2026-02-06T04:27:00+00:00,Maldives,0.2610156014811678,1,1,hi,EIO,Indian Ocean
'1ff36d7a46',extremes,Drought,#edc291,edo,सूखापन बेल्जियम,2026-02-07T04:19:00+00:00,Belgium,0.2609085931122655,1,1,hi,WCE,Europe
'f3b91506ec',extremes,Cold Wave,#a7e9fa,random,रिकॉर्ड ठंड,2026-01-15T10:20:00+00:00,,0.2565293677315337,0,1,hi,,
'6852666385',extremes,Earthquake,#870007,usgs,भूकंप बंदरगाह मथुरिन,2026-01-15T12:13:00+00:00,Mauritius,0.2310998973822564,2,1,hi,SIO,Indian Ocean
'2617cc6cc9',extremes,Earthquake,#870007,usgs,भूकंप न्यूजीलैंड,2026-01-15T10:56:00+00:00,New Zealand,0.2310742544770263,2,1,hi,NZ,Oceania
'e551102071',extremes,Earthquake,#870007,usgs,भूकंप वानुअतु,2026-01-15T10:56:00+00:00,Vanuatu,0.2310609781573616,2,1,hi,SPO,Pacific Ocean
'29aa7b93c5',extremes,Earthquake,#870007,usgs,फिजी द्वीप समूह के दक्षिण में भूकंप,2026-01-15T10:56:00+00:00,,0.2310166286275143,2,1,hi,SPO,Pacific Ocean
'8abf2def70',extremes,Earthquake,#870007,usgs,भूकंप ज्वालामुखी द्वीप जापान क्षेत्र,2026-01-15T10:56:00+00:00,,0.230983556267997,2,1,hi,NPO,Pacific Ocean
'053bb10e09',extremes,Heat Wave,#c40202,random,भारतीय गर्मी,2026-01-23T04:02:00+00:00,,0.2293298303168539,3,2,hi,,
'f7a0f1c060',extremes,Cold Wave,#a7e9fa,random,सबसे ठंडा वर्ष,2026-01-15T10:20:00+00:00,,0.2187463352419774,1,1,hi,,
'633ed59c63',extremes,Iceberg,#d60d2b,random,आर्कटिक समुद्री बर्फ,2026-01-15T10:20:00+00:00,,0.2184047667680758,1,1,hi,,
'b6cef22543',extremes,Drought,#edc291,random,जल प्रतिबंध,2026-01-15T10:20:00+00:00,,0.2181947166591417,1,1,hi,,
'95b2881221',extremes,Precipitation,#d60d2b,random,वायुमंडलीय नदी,2026-01-15T10:20:00+00:00,,0.2180904085177332,1,1,hi,,
'0053afc92f',extremes,Volcano,#b83202,random,लहार,2026-01-15T10:20:00+00:00,,0.2178477169643835,1,1,hi,,
'ccefefc59e',extremes,Drought,#edc291,random,आकस्मिक सूखा,2026-01-15T10:20:00+00:00,,0.2177658540866849,1,1,hi,,
'f90601fa23',extremes,Volcano,#b83202,random,ज्वालामुखी विस्फोट,2026-01-15T10:20:00+00:00,,0.2172632357928776,1,1,hi,,
'1fefacbadb',extremes,Iceberg,#d60d2b,random,ग्लेशियर का शांत होना,2026-01-15T10:20:00+00:00,,0.2163334904376689,1,1,hi,,
'45480a05ce',extremes,Tropical Cyclone,#4f4f4f,random,तूफ़ान,2026-01-15T10:20:00+00:00,,0.2119192046078536,2,1,hi,,
